record_id,genre_position,genre_label
imdb-0001,1,Drama
imdb-0002,1,Crime
imdb-0002,2,Drama
imdb-0003,1,Action
imdb-0003,2,Crime
imdb-0003,3,Drama
imdb-0004,1,Crime
imdb-0004,2,Drama
imdb-0005,1,Crime
imdb-0005,2,Drama
imdb-0006,1,Action
imdb-0006,2,Adventure
imdb-0006,3,Drama
imdb-0007,1,Crime
imdb-0007,2,Drama
imdb-0008,1,Biography
imdb-0008,2,Drama
imdb-0008,3,History
imdb-0009,1,Action
imdb-0009,2,Adventure
imdb-0009,3,Sci-Fi
imdb-0010,1,Drama
imdb-0011,1,Action
imdb-0011,2,Adventure
imdb-0011,3,Drama
imdb-0012,1,Drama
imdb-0012,2,Romance
imdb-0013,1,Western
imdb-0014,1,Action
imdb-0014,2,Adventure
imdb-0014,3,Drama
imdb-0015,1,Action
imdb-0015,2,Sci-Fi
imdb-0016,1,Biography
imdb-0016,2,Crime
imdb-0016,3,Drama
imdb-0017,1,Action
imdb-0017,2,Adventure
imdb-0017,3,Fantasy
imdb-0018,1,Drama
imdb-0019,1,Biography
imdb-0019,2,Drama
imdb-0019,3,History
imdb-0020,1,Comedy
imdb-0020,2,Drama
imdb-0020,3,Thriller
imdb-0021,1,Drama
imdb-0022,1,Adventure
imdb-0022,2,Drama
imdb-0022,3,Sci-Fi
imdb-0023,1,Crime
imdb-0023,2,Drama
imdb-0024,1,Animation
imdb-0024,2,Adventure
imdb-0024,3,Family
imdb-0025,1,Drama
imdb-0025,2,War
imdb-0026,1,Crime
imdb-0026,2,Drama
imdb-0026,3,Fantasy
imdb-0027,1,Comedy
imdb-0027,2,Drama
imdb-0027,3,Romance
imdb-0028,1,Crime
imdb-0028,2,Drama
imdb-0028,3,Mystery
imdb-0029,1,Crime
imdb-0029,2,Drama
imdb-0029,3,Thriller
imdb-0030,1,Action
imdb-0030,2,Adventure
imdb-0030,3,Fantasy
imdb-0031,1,Action
imdb-0031,2,Drama
imdb-0031,3,Mystery
imdb-0032,1,Action
imdb-0032,2,Adventure
imdb-0032,3,Drama
imdb-0033,1,Drama
imdb-0033,2,Family
imdb-0033,3,Fantasy
imdb-0034,1,Crime
imdb-0034,2,Drama
imdb-0034,3,Thriller
imdb-0035,1,Drama
imdb-0035,2,Music
imdb-0036,1,Biography
imdb-0036,2,Comedy
imdb-0036,3,Drama
imdb-0037,1,Drama
imdb-0037,2,Mystery
imdb-0037,3,Sci-Fi
imdb-0038,1,Crime
imdb-0038,2,Drama
imdb-0038,3,Thriller
imdb-0039,1,Biography
imdb-0039,2,Drama
imdb-0039,3,Music
imdb-0040,1,Action
imdb-0040,2,Adventure
imdb-0040,3,Drama
imdb-0041,1,Drama
imdb-0042,1,Crime
imdb-0042,2,Mystery
imdb-0042,3,Thriller
imdb-0043,1,Action
imdb-0043,2,Crime
imdb-0043,3,Drama
imdb-0044,1,Animation
imdb-0044,2,Adventure
imdb-0044,3,Drama
imdb-0045,1,Action
imdb-0045,2,Sci-Fi
imdb-0046,1,Drama
imdb-0046,2,Romance
imdb-0047,1,Animation
imdb-0047,2,Drama
imdb-0047,3,War
imdb-0048,1,Adventure
imdb-0048,2,Comedy
imdb-0048,3,Sci-Fi
imdb-0049,1,Western
imdb-0050,1,Horror
imdb-0050,2,Mystery
imdb-0050,3,Thriller
imdb-0051,1,Drama
imdb-0051,2,Romance
imdb-0051,3,War
imdb-0052,1,Comedy
imdb-0052,2,Drama
imdb-0052,3,Family
imdb-0053,1,Comedy
imdb-0053,2,Drama
imdb-0053,3,Romance
imdb-0054,1,Drama
imdb-0055,1,Biography
imdb-0055,2,Drama
imdb-0055,3,History
imdb-0056,1,Action
imdb-0056,2,Crime
imdb-0056,3,Drama
imdb-0057,1,Animation
imdb-0057,2,Drama
imdb-0057,3,Fantasy
imdb-0058,1,Action
imdb-0058,2,Biography
imdb-0058,3,Drama
imdb-0059,1,Animation
imdb-0059,2,Action
imdb-0059,3,Adventure
imdb-0060,1,Action
imdb-0060,2,Adventure
imdb-0060,3,Drama
imdb-0061,1,Action
imdb-0061,2,Adventure
imdb-0061,3,Sci-Fi
imdb-0062,1,Animation
imdb-0062,2,Adventure
imdb-0062,3,Family
imdb-0063,1,Drama
imdb-0063,2,Western
imdb-0064,1,Action
imdb-0064,2,Adventure
imdb-0065,1,Comedy
imdb-0065,2,Drama
imdb-0066,1,Drama
imdb-0066,2,Family
imdb-0067,1,Animation
imdb-0067,2,Adventure
imdb-0067,3,Family
imdb-0068,1,Drama
imdb-0068,2,Mystery
imdb-0068,3,Thriller
imdb-0069,1,Action
imdb-0069,2,Drama
imdb-0069,3,Mystery
imdb-0070,1,Mystery
imdb-0070,2,Thriller
imdb-0071,1,Animation
imdb-0071,2,Action
imdb-0071,3,Adventure
imdb-0072,1,Crime
imdb-0072,2,Drama
imdb-0073,1,Action
imdb-0073,2,Adventure
imdb-0074,1,Drama
imdb-0074,2,Horror
imdb-0075,1,Drama
imdb-0075,2,Mystery
imdb-0075,3,War
imdb-0076,1,Horror
imdb-0076,2,Sci-Fi
imdb-0077,1,Drama
imdb-0077,2,Musical
imdb-0078,1,Crime
imdb-0078,2,Drama
imdb-0078,3,Mystery
imdb-0079,1,Comedy
imdb-0080,1,Crime
imdb-0080,2,Drama
imdb-0080,3,Mystery
imdb-0081,1,Drama
imdb-0081,2,War
imdb-0082,1,Mystery
imdb-0082,2,Thriller
imdb-0083,1,Drama
imdb-0083,2,Film-Noir
imdb-0084,1,Comedy
imdb-0084,2,Drama
imdb-0084,3,War
imdb-0085,1,Drama
imdb-0085,2,Thriller
imdb-0085,3,War
imdb-0086,1,Drama
imdb-0086,2,Fantasy
imdb-0086,3,Horror
imdb-0087,1,Crime
imdb-0087,2,Drama
imdb-0087,3,Music
imdb-0088,1,Crime
imdb-0088,2,Drama
imdb-0088,3,Thriller
imdb-0089,1,Drama
imdb-0090,1,Drama
imdb-0091,1,Drama
imdb-0091,2,Mystery
imdb-0091,3,War
imdb-0092,1,Drama
imdb-0093,1,Drama
imdb-0093,2,Family
imdb-0094,1,Adventure
imdb-0094,2,Drama
imdb-0094,3,War
imdb-0095,1,Drama
imdb-0095,2,Romance
imdb-0095,3,Sci-Fi
imdb-0096,1,Comedy
imdb-0096,2,Romance
imdb-0097,1,Comedy
imdb-0097,2,Crime
imdb-0098,1,Drama
imdb-0099,1,Drama
imdb-0100,1,Drama
imdb-0100,2,Romance
imdb-0101,1,Drama
imdb-0101,2,Family
imdb-0101,3,Sport
imdb-0102,1,Animation
imdb-0102,2,Adventure
imdb-0102,3,Comedy
imdb-0103,1,Biography
imdb-0103,2,Drama
imdb-0103,3,History
imdb-0104,1,Crime
imdb-0104,2,Drama
imdb-0104,3,Thriller
imdb-0105,1,Drama
imdb-0105,2,War
imdb-0106,1,Drama
imdb-0106,2,Thriller
imdb-0106,3,War
imdb-0107,1,Action
imdb-0107,2,Adventure
imdb-0107,3,Sci-Fi
imdb-0108,1,Biography
imdb-0108,2,Drama
imdb-0108,3,History
imdb-0109,1,Crime
imdb-0109,2,Drama
imdb-0110,1,Action
imdb-0110,2,Adventure
imdb-0110,3,Fantasy
imdb-0111,1,Adventure
imdb-0111,2,Drama
imdb-0111,3,Thriller
imdb-0112,1,Crime
imdb-0112,2,Drama
imdb-0113,1,Comedy
imdb-0113,2,Crime
imdb-0113,3,Drama
imdb-0114,1,Crime
imdb-0114,2,Drama
imdb-0114,3,Sci-Fi
imdb-0115,1,Adventure
imdb-0115,2,Sci-Fi
imdb-0116,1,Western
imdb-0117,1,Adventure
imdb-0117,2,Biography
imdb-0117,3,Drama
imdb-0118,1,Comedy
imdb-0118,2,Drama
imdb-0118,3,Romance
imdb-0119,1,Adventure
imdb-0119,2,Mystery
imdb-0119,3,Thriller
imdb-0120,1,Mystery
imdb-0120,2,Romance
imdb-0120,3,Thriller
imdb-0121,1,Comedy
imdb-0121,2,Musical
imdb-0121,3,Romance
imdb-0122,1,Drama
imdb-0123,1,Drama
imdb-0124,1,Crime
imdb-0124,2,Drama
imdb-0124,3,Film-Noir
imdb-0125,1,Drama
imdb-0125,2,Mystery
imdb-0126,1,Crime
imdb-0126,2,Mystery
imdb-0126,3,Thriller
imdb-0127,1,Drama
imdb-0127,2,Sci-Fi
imdb-0128,1,Comedy
imdb-0128,2,Drama
imdb-0128,3,Family
imdb-0129,1,Comedy
imdb-0129,2,Drama
imdb-0130,1,Action
imdb-0130,2,Drama
imdb-0130,3,War
imdb-0131,1,Action
imdb-0131,2,Drama
imdb-0132,1,Biography
imdb-0132,2,Comedy
imdb-0132,3,Drama
imdb-0133,1,Comedy
imdb-0133,2,Crime
imdb-0133,3,Drama
imdb-0134,1,Crime
imdb-0134,2,Drama
imdb-0134,3,Mystery
imdb-0135,1,Action
imdb-0135,2,Drama
imdb-0136,1,Animation
imdb-0136,2,Adventure
imdb-0136,3,Comedy
imdb-0137,1,Crime
imdb-0137,2,Drama
imdb-0137,3,Mystery
imdb-0138,1,Adventure
imdb-0138,2,Comedy
imdb-0138,3,Drama
imdb-0139,1,Drama
imdb-0139,2,War
imdb-0140,1,Biography
imdb-0140,2,Drama
imdb-0140,3,Sport
imdb-0141,1,Action
imdb-0141,2,Comedy
imdb-0141,3,Crime
imdb-0142,1,Drama
imdb-0143,1,Action
imdb-0143,2,Biography
imdb-0143,3,Crime
imdb-0144,1,Drama
imdb-0144,2,Mystery
imdb-0144,3,Romance
imdb-0145,1,Action
imdb-0145,2,Drama
imdb-0145,3,Sport
imdb-0146,1,Mystery
imdb-0146,2,Thriller
imdb-0147,1,Animation
imdb-0147,2,Adventure
imdb-0147,3,Comedy
imdb-0148,1,Biography
imdb-0148,2,Crime
imdb-0148,3,Drama
imdb-0149,1,Drama
imdb-0149,2,Family
imdb-0149,3,Sport
imdb-0150,1,Drama
imdb-0151,1,Drama
imdb-0151,2,Fantasy
imdb-0151,3,War
imdb-0152,1,Animation
imdb-0152,2,Adventure
imdb-0152,3,Comedy
imdb-0153,1,Action
imdb-0153,2,Drama
imdb-0153,3,Sci-Fi
imdb-0154,1,Comedy
imdb-0154,2,Crime
imdb-0154,3,Drama
imdb-0155,1,Drama
imdb-0156,1,Action
imdb-0156,2,Adventure
imdb-0157,1,Drama
imdb-0158,1,Biography
imdb-0158,2,Drama
imdb-0158,3,History
imdb-0159,1,Animation
imdb-0159,2,Adventure
imdb-0159,3,Family
imdb-0160,1,Biography
imdb-0160,2,Drama
imdb-0161,1,Action
imdb-0161,2,Comedy
imdb-0161,3,Crime
imdb-0162,1,Action
imdb-0162,2,Comedy
imdb-0162,3,Crime
imdb-0163,1,Crime
imdb-0163,2,Drama
imdb-0163,3,Mystery
imdb-0164,1,Crime
imdb-0164,2,Drama
imdb-0164,3,Thriller
imdb-0165,1,Crime
imdb-0165,2,Drama
imdb-0165,3,Thriller
imdb-0166,1,Crime
imdb-0166,2,Drama
imdb-0167,1,Action
imdb-0167,2,Comedy
imdb-0167,3,Romance
imdb-0168,1,Drama
imdb-0168,2,Western
imdb-0169,1,Action
imdb-0169,2,Adventure
imdb-0170,1,Comedy
imdb-0170,2,Crime
imdb-0170,3,Drama
imdb-0171,1,Animation
imdb-0171,2,Family
imdb-0171,3,Fantasy
imdb-0172,1,Action
imdb-0172,2,Thriller
imdb-0173,1,Action
imdb-0173,2,Drama
imdb-0173,3,War
imdb-0174,1,Biography
imdb-0174,2,Drama
imdb-0174,3,Sport
imdb-0175,1,Drama
imdb-0175,2,Sci-Fi
imdb-0176,1,Drama
imdb-0176,2,Music
imdb-0177,1,Biography
imdb-0177,2,Drama
imdb-0177,3,History
imdb-0178,1,Action
imdb-0178,2,Adventure
imdb-0178,3,Comedy
imdb-0179,1,Adventure
imdb-0179,2,Comedy
imdb-0179,3,Fantasy
imdb-0180,1,Adventure
imdb-0180,2,Drama
imdb-0180,3,History
imdb-0181,1,Crime
imdb-0181,2,Drama
imdb-0182,1,Action
imdb-0182,2,Drama
imdb-0182,3,Thriller
imdb-0183,1,Drama
imdb-0183,2,War
imdb-0184,1,Comedy
imdb-0184,2,Music
imdb-0184,3,Romance
imdb-0185,1,Drama
imdb-0185,2,Romance
imdb-0186,1,Drama
imdb-0186,2,Fantasy
imdb-0186,3,History
imdb-0187,1,Crime
imdb-0187,2,Drama
imdb-0187,3,Thriller
imdb-0188,1,Crime
imdb-0188,2,Thriller
imdb-0189,1,Drama
imdb-0190,1,Crime
imdb-0190,2,Drama
imdb-0190,3,Mystery
imdb-0191,1,Drama
imdb-0192,1,Adventure
imdb-0192,2,Drama
imdb-0192,3,Western
imdb-0193,1,Comedy
imdb-0193,2,War
imdb-0194,1,Adventure
imdb-0194,2,Comedy
imdb-0194,3,Drama
imdb-0195,1,Action
imdb-0195,2,Comedy
imdb-0195,3,Romance
imdb-0196,1,Drama
imdb-0196,2,Romance
imdb-0197,1,Drama
imdb-0197,2,Thriller
imdb-0198,1,Animation
imdb-0198,2,Drama
imdb-0198,3,Family
imdb-0199,1,Crime
imdb-0199,2,Drama
imdb-0199,3,Mystery
imdb-0200,1,Drama
imdb-0200,2,Romance
imdb-0200,3,Thriller
imdb-0201,1,Drama
imdb-0202,1,Action
imdb-0202,2,Crime
imdb-0202,3,Drama
imdb-0203,1,Action
imdb-0203,2,Drama
imdb-0203,3,Sci-Fi
imdb-0204,1,Drama
imdb-0204,2,Thriller
imdb-0205,1,Comedy
imdb-0205,2,Drama
imdb-0205,3,Thriller
imdb-0206,1,Animation
imdb-0206,2,Adventure
imdb-0206,3,Comedy
imdb-0207,1,Drama
imdb-0208,1,Comedy
imdb-0208,2,Drama
imdb-0208,3,Musical
imdb-0209,1,Comedy
imdb-0209,2,Drama
imdb-0209,3,Fantasy
imdb-0210,1,Adventure
imdb-0210,2,Comedy
imdb-0210,3,Crime
imdb-0211,1,Drama
imdb-0211,2,Mystery
imdb-0211,3,Thriller
imdb-0212,1,Animation
imdb-0212,2,Drama
imdb-0212,3,Fantasy
imdb-0213,1,Biography
imdb-0213,2,Drama
imdb-0213,3,History
imdb-0214,1,Animation
imdb-0214,2,Adventure
imdb-0214,3,Comedy
imdb-0215,1,Comedy
imdb-0215,2,Drama
imdb-0215,3,Romance
imdb-0216,1,Biography
imdb-0216,2,Drama
imdb-0216,3,History
imdb-0217,1,Action
imdb-0217,2,Biography
imdb-0217,3,Drama
imdb-0218,1,Action
imdb-0218,2,Biography
imdb-0218,3,Drama
imdb-0219,1,Biography
imdb-0219,2,Crime
imdb-0219,3,Drama
imdb-0220,1,Animation
imdb-0220,2,Adventure
imdb-0220,3,Drama
imdb-0221,1,Mystery
imdb-0221,2,Thriller
imdb-0222,1,Comedy
imdb-0222,2,Drama
imdb-0223,1,Crime
imdb-0223,2,Drama
imdb-0223,3,Mystery
imdb-0224,1,Action
imdb-0224,2,Adventure
imdb-0224,3,Sci-Fi
imdb-0225,1,Action
imdb-0225,2,Crime
imdb-0225,3,Drama
imdb-0226,1,Drama
imdb-0227,1,Adventure
imdb-0227,2,Drama
imdb-0227,3,Fantasy
imdb-0228,1,Drama
imdb-0228,2,Music
imdb-0229,1,Biography
imdb-0229,2,Drama
imdb-0229,3,Family
imdb-0230,1,Animation
imdb-0230,2,Comedy
imdb-0230,3,Drama
imdb-0231,1,Animation
imdb-0231,2,Action
imdb-0231,3,Adventure
imdb-0232,1,Adventure
imdb-0232,2,Biography
imdb-0232,3,Drama
imdb-0233,1,Crime
imdb-0233,2,Drama
imdb-0233,3,Thriller
imdb-0234,1,Comedy
imdb-0234,2,Drama
imdb-0234,3,Romance
imdb-0235,1,Drama
imdb-0235,2,Sport
imdb-0236,1,Biography
imdb-0236,2,Drama
imdb-0236,3,History
imdb-0237,1,Action
imdb-0237,2,Drama
imdb-0237,3,War
imdb-0238,1,Drama
imdb-0238,2,Romance
imdb-0239,1,Comedy
imdb-0239,2,Drama
imdb-0239,3,Musical
imdb-0240,1,Crime
imdb-0240,2,Drama
imdb-0240,3,Mystery
imdb-0241,1,Comedy
imdb-0241,2,Drama
imdb-0241,3,Romance
imdb-0242,1,Action
imdb-0242,2,Crime
imdb-0242,3,Drama
imdb-0243,1,Animation
imdb-0243,2,Adventure
imdb-0243,3,Comedy
imdb-0244,1,Biography
imdb-0244,2,Crime
imdb-0244,3,Drama
imdb-0245,1,Drama
imdb-0245,2,Thriller
imdb-0246,1,Animation
imdb-0246,2,Adventure
imdb-0246,3,Comedy
imdb-0247,1,Animation
imdb-0247,2,Action
imdb-0247,3,Drama
imdb-0248,1,Adventure
imdb-0248,2,Drama
imdb-0248,3,Musical
imdb-0249,1,Drama
imdb-0249,2,Mystery
imdb-0249,3,Thriller
imdb-0250,1,Drama
imdb-0250,2,Music
imdb-0250,3,Romance
imdb-0251,1,Comedy
imdb-0251,2,Drama
imdb-0252,1,Comedy
imdb-0252,2,Crime
imdb-0252,3,Romance
imdb-0253,1,Comedy
imdb-0253,2,Crime
imdb-0253,3,Sport
imdb-0254,1,Drama
imdb-0254,2,Romance
imdb-0255,1,Drama
imdb-0256,1,Crime
imdb-0256,2,Drama
imdb-0256,3,Thriller
imdb-0257,1,Comedy
imdb-0257,2,Drama
imdb-0257,3,War
imdb-0258,1,Crime
imdb-0258,2,Drama
imdb-0259,1,Drama
imdb-0259,2,Romance
imdb-0260,1,Drama
imdb-0260,2,Romance
imdb-0261,1,Drama
imdb-0261,2,Mystery
imdb-0261,3,Romance
imdb-0262,1,Comedy
imdb-0262,2,Crime
imdb-0262,3,Drama
imdb-0263,1,Action
imdb-0263,2,Adventure
imdb-0263,3,Sci-Fi
imdb-0264,1,Biography
imdb-0264,2,Crime
imdb-0264,3,Drama
imdb-0265,1,Drama
imdb-0265,2,Music
imdb-0265,3,Romance
imdb-0266,1,Drama
imdb-0266,2,History
imdb-0266,3,Romance
imdb-0267,1,Comedy
imdb-0267,2,Drama
imdb-0268,1,Adventure
imdb-0268,2,Drama
imdb-0269,1,Drama
imdb-0269,2,War
imdb-0270,1,Drama
imdb-0271,1,Animation
imdb-0271,2,Adventure
imdb-0271,3,Fantasy
imdb-0272,1,Horror
imdb-0272,2,Mystery
imdb-0272,3,Sci-Fi
imdb-0273,1,Drama
imdb-0273,2,Fantasy
imdb-0273,3,Music
imdb-0274,1,Adventure
imdb-0274,2,Drama
imdb-0275,1,Drama
imdb-0276,1,Action
imdb-0276,2,Sci-Fi
imdb-0276,3,Thriller
imdb-0277,1,Biography
imdb-0277,2,Drama
imdb-0278,1,Comedy
imdb-0279,1,Drama
imdb-0279,2,War
imdb-0280,1,Drama
imdb-0280,2,Sport
imdb-0281,1,Drama
imdb-0282,1,Adventure
imdb-0282,2,Drama
imdb-0282,3,History
imdb-0283,1,Biography
imdb-0283,2,Drama
imdb-0284,1,Drama
imdb-0284,2,Mystery
imdb-0284,3,Thriller
imdb-0285,1,Comedy
imdb-0285,2,Crime
imdb-0285,3,Drama
imdb-0286,1,Drama
imdb-0287,1,Drama
imdb-0287,2,Mystery
imdb-0287,3,Sci-Fi
imdb-0288,1,Crime
imdb-0288,2,Drama
imdb-0288,3,Mystery
imdb-0289,1,Crime
imdb-0289,2,Drama
imdb-0290,1,Drama
imdb-0290,2,Thriller
imdb-0291,1,Biography
imdb-0291,2,Drama
imdb-0291,3,History
imdb-0292,1,Drama
imdb-0292,2,War
imdb-0293,1,Drama
imdb-0293,2,Fantasy
imdb-0294,1,Drama
imdb-0294,2,Horror
imdb-0294,3,Thriller
imdb-0295,1,Action
imdb-0295,2,Comedy
imdb-0295,3,Crime
imdb-0296,1,Drama
imdb-0296,2,Western
imdb-0297,1,Drama
imdb-0297,2,War
imdb-0298,1,Drama
imdb-0299,1,Biography
imdb-0299,2,Drama
imdb-0299,3,History
imdb-0300,1,Crime
imdb-0300,2,Drama
imdb-0301,1,Adventure
imdb-0301,2,Drama
imdb-0301,3,History
imdb-0302,1,Adventure
imdb-0302,2,Drama
imdb-0303,1,Drama
imdb-0304,1,Drama
imdb-0304,2,History
imdb-0305,1,Adventure
imdb-0305,2,Drama
imdb-0305,3,War
imdb-0306,1,Crime
imdb-0306,2,Drama
imdb-0306,3,Thriller
imdb-0307,1,Adventure
imdb-0307,2,Drama
imdb-0307,3,Thriller
imdb-0308,1,Drama
imdb-0308,2,Film-Noir
imdb-0309,1,Action
imdb-0309,2,Crime
imdb-0309,3,Drama
imdb-0310,1,Film-Noir
imdb-0310,2,Mystery
imdb-0310,3,Thriller
imdb-0311,1,Drama
imdb-0311,2,Music
imdb-0311,3,Romance
imdb-0312,1,Comedy
imdb-0312,2,Drama
imdb-0312,3,Romance
imdb-0313,1,Drama
imdb-0313,2,Mystery
imdb-0313,3,Romance
imdb-0314,1,Comedy
imdb-0314,2,Drama
imdb-0315,1,Drama
imdb-0315,2,History
imdb-0315,3,Romance
imdb-0316,1,Drama
imdb-0316,2,War
imdb-0317,1,Comedy
imdb-0317,2,Romance
imdb-0318,1,Biography
imdb-0318,2,Drama
imdb-0318,3,History
imdb-0319,1,Comedy
imdb-0319,2,Romance
imdb-0320,1,Drama
imdb-0320,2,Romance
imdb-0321,1,Action
imdb-0321,2,Adventure
imdb-0321,3,Comedy
imdb-0322,1,Fantasy
imdb-0322,2,Horror
imdb-0322,3,Mystery
imdb-0323,1,Comedy
imdb-0323,2,Drama
imdb-0324,1,Adventure
imdb-0324,2,Biography
imdb-0324,3,Drama
imdb-0325,1,Drama
imdb-0325,2,History
imdb-0326,1,Action
imdb-0326,2,Adventure
imdb-0326,3,Comedy
imdb-0327,1,Action
imdb-0327,2,Crime
imdb-0327,3,Thriller
imdb-0328,1,Comedy
imdb-0328,2,Drama
imdb-0328,3,Music
imdb-0329,1,Biography
imdb-0329,2,Drama
imdb-0330,1,Adventure
imdb-0330,2,Drama
imdb-0330,3,Sci-Fi
imdb-0331,1,Animation
imdb-0331,2,Adventure
imdb-0331,3,Comedy
imdb-0332,1,Action
imdb-0332,2,Drama
imdb-0333,1,Animation
imdb-0333,2,Adventure
imdb-0333,3,Drama
imdb-0334,1,Drama
imdb-0334,2,Family
imdb-0335,1,Drama
imdb-0335,2,Music
imdb-0335,3,Romance
imdb-0336,1,Crime
imdb-0336,2,Drama
imdb-0336,3,Thriller
imdb-0337,1,Drama
imdb-0338,1,Action
imdb-0338,2,Crime
imdb-0338,3,Thriller
imdb-0339,1,Biography
imdb-0339,2,Drama
imdb-0339,3,Thriller
imdb-0340,1,Action
imdb-0340,2,Adventure
imdb-0340,3,Comedy
imdb-0341,1,Action
imdb-0341,2,Drama
imdb-0341,3,Mystery
imdb-0342,1,Drama
imdb-0342,2,Romance
imdb-0342,3,Sci-Fi
imdb-0343,1,Biography
imdb-0343,2,Drama
imdb-0343,3,Music
imdb-0344,1,Action
imdb-0344,2,Adventure
imdb-0344,3,Drama
imdb-0345,1,Drama
imdb-0345,2,Romance
imdb-0346,1,Action
imdb-0346,2,Crime
imdb-0346,3,Drama
imdb-0347,1,Biography
imdb-0347,2,Drama
imdb-0347,3,History
imdb-0348,1,Drama
imdb-0349,1,Action
imdb-0349,2,Adventure
imdb-0349,3,Comedy
imdb-0350,1,Drama
imdb-0350,2,Mystery
imdb-0351,1,Drama
imdb-0351,2,Romance
imdb-0352,1,Action
imdb-0352,2,Biography
imdb-0352,3,Drama
imdb-0353,1,Drama
imdb-0354,1,Action
imdb-0354,2,Drama
imdb-0354,3,Thriller
imdb-0355,1,Drama
imdb-0355,2,Romance
imdb-0356,1,Drama
imdb-0356,2,Thriller
imdb-0357,1,Action
imdb-0357,2,Crime
imdb-0357,3,Drama
imdb-0358,1,Action
imdb-0358,2,Adventure
imdb-0358,3,Sci-Fi
imdb-0359,1,Animation
imdb-0359,2,Biography
imdb-0359,3,Drama
imdb-0360,1,Biography
imdb-0360,2,Drama
imdb-0361,1,Biography
imdb-0361,2,Drama
imdb-0362,1,Adventure
imdb-0362,2,Drama
imdb-0362,3,Thriller
imdb-0363,1,Action
imdb-0363,2,Mystery
imdb-0363,3,Thriller
imdb-0364,1,Crime
imdb-0364,2,Drama
imdb-0364,3,Romance
imdb-0365,1,Crime
imdb-0365,2,Thriller
imdb-0366,1,Biography
imdb-0366,2,Drama
imdb-0367,1,Adventure
imdb-0367,2,Comedy
imdb-0367,3,Sci-Fi
imdb-0368,1,Animation
imdb-0368,2,Adventure
imdb-0368,3,Comedy
imdb-0369,1,Action
imdb-0369,2,Adventure
imdb-0369,3,Thriller
imdb-0370,1,Action
imdb-0370,2,Crime
imdb-0370,3,Thriller
imdb-0371,1,Drama
imdb-0372,1,Drama
imdb-0372,2,Romance
imdb-0373,1,Biography
imdb-0373,2,Drama
imdb-0374,1,Biography
imdb-0374,2,Drama
imdb-0374,3,History
imdb-0375,1,Comedy
imdb-0375,2,Drama
imdb-0375,3,Musical
imdb-0376,1,Action
imdb-0376,2,Crime
imdb-0376,3,Drama
imdb-0377,1,Action
imdb-0377,2,Adventure
imdb-0377,3,Fantasy
imdb-0378,1,Adventure
imdb-0378,2,Drama
imdb-0378,3,Fantasy
imdb-0379,1,Animation
imdb-0379,2,Action
imdb-0379,3,Adventure
imdb-0380,1,Comedy
imdb-0380,2,Drama
imdb-0380,3,Romance
imdb-0381,1,Crime
imdb-0381,2,Drama
imdb-0382,1,Comedy
imdb-0382,2,Drama
imdb-0383,1,Drama
imdb-0383,2,Mystery
imdb-0383,3,Sci-Fi
imdb-0384,1,Drama
imdb-0385,1,Crime
imdb-0385,2,Drama
imdb-0385,3,Musical
imdb-0386,1,Biography
imdb-0386,2,Drama
imdb-0387,1,Animation
imdb-0387,2,Crime
imdb-0387,3,Mystery
imdb-0388,1,Drama
imdb-0389,1,Drama
imdb-0390,1,Animation
imdb-0390,2,Action
imdb-0390,3,Adventure
imdb-0391,1,Action
imdb-0391,2,Crime
imdb-0391,3,Comedy
imdb-0392,1,Drama
imdb-0393,1,Comedy
imdb-0393,2,Drama
imdb-0394,1,Mystery
imdb-0394,2,Sci-Fi
imdb-0394,3,Thriller
imdb-0395,1,Animation
imdb-0395,2,Action
imdb-0395,3,Crime
imdb-0396,1,Animation
imdb-0396,2,Family
imdb-0396,3,Fantasy
imdb-0397,1,Comedy
imdb-0397,2,Fantasy
imdb-0397,3,Romance
imdb-0398,1,Crime
imdb-0398,2,Drama
imdb-0399,1,Drama
imdb-0400,1,Animation
imdb-0400,2,Adventure
imdb-0400,3,Comedy
imdb-0401,1,Drama
imdb-0401,2,History
imdb-0401,3,Thriller
imdb-0402,1,Animation
imdb-0402,2,Family
imdb-0402,3,Fantasy
imdb-0403,1,Adventure
imdb-0403,2,Drama
imdb-0403,3,Western
imdb-0404,1,Comedy
imdb-0404,2,Drama
imdb-0405,1,Drama
imdb-0406,1,Animation
imdb-0406,2,Action
imdb-0406,3,Sci-Fi
imdb-0407,1,Adventure
imdb-0407,2,Family
imdb-0407,3,Fantasy
imdb-0408,1,Drama
imdb-0408,2,Fantasy
imdb-0408,3,Romance
imdb-0409,1,Drama
imdb-0409,2,War
imdb-0410,1,Animation
imdb-0410,2,Adventure
imdb-0410,3,Drama
imdb-0411,1,Action
imdb-0411,2,Sci-Fi
imdb-0412,1,Biography
imdb-0412,2,Drama
imdb-0412,3,History
imdb-0413,1,Drama
imdb-0413,2,History
imdb-0413,3,War
imdb-0414,1,Comedy
imdb-0414,2,Drama
imdb-0415,1,Comedy
imdb-0415,2,Romance
imdb-0416,1,Adventure
imdb-0416,2,Thriller
imdb-0417,1,Biography
imdb-0417,2,Crime
imdb-0417,3,Drama
imdb-0418,1,Comedy
imdb-0419,1,Biography
imdb-0419,2,Crime
imdb-0419,3,Drama
imdb-0420,1,Horror
imdb-0421,1,Mystery
imdb-0421,2,Thriller
imdb-0422,1,Drama
imdb-0422,2,Romance
imdb-0423,1,Drama
imdb-0423,2,Family
imdb-0423,3,Musical
imdb-0424,1,Drama
imdb-0425,1,Biography
imdb-0425,2,Crime
imdb-0425,3,Drama
imdb-0426,1,Drama
imdb-0426,2,Horror
imdb-0427,1,Adventure
imdb-0427,2,Sci-Fi
imdb-0428,1,Comedy
imdb-0428,2,Drama
imdb-0428,3,Romance
imdb-0429,1,Drama
imdb-0430,1,Biography
imdb-0430,2,Drama
imdb-0430,3,Family
imdb-0431,1,Drama
imdb-0431,2,Romance
imdb-0431,3,War
imdb-0432,1,Action
imdb-0432,2,Drama
imdb-0432,3,Western
imdb-0433,1,Drama
imdb-0434,1,Drama
imdb-0435,1,Drama
imdb-0435,2,Sport
imdb-0436,1,Comedy
imdb-0436,2,Drama
imdb-0437,1,Action
imdb-0437,2,Drama
imdb-0437,3,Western
imdb-0438,1,Crime
imdb-0438,2,Drama
imdb-0438,3,Mystery
imdb-0439,1,Crime
imdb-0439,2,Drama
imdb-0439,3,Film-Noir
imdb-0440,1,Drama
imdb-0441,1,Drama
imdb-0441,2,Film-Noir
imdb-0442,1,Crime
imdb-0442,2,Drama
imdb-0442,3,Film-Noir
imdb-0443,1,Crime
imdb-0443,2,Drama
imdb-0443,3,Film-Noir
imdb-0444,1,Drama
imdb-0445,1,Crime
imdb-0445,2,Drama
imdb-0445,3,Horror
imdb-0446,1,Comedy
imdb-0446,2,Drama
imdb-0446,3,War
imdb-0447,1,Comedy
imdb-0447,2,Romance
imdb-0448,1,Drama
imdb-0449,1,Drama
imdb-0449,2,Film-Noir
imdb-0449,3,Mystery
imdb-0450,1,Comedy
imdb-0450,2,Crime
imdb-0451,1,Crime
imdb-0451,2,Drama
imdb-0451,3,Mystery
imdb-0452,1,Crime
imdb-0452,2,Drama
imdb-0452,3,Film-Noir
imdb-0453,1,Drama
imdb-0453,2,Romance
imdb-0454,1,Drama
imdb-0454,2,Film-Noir
imdb-0454,3,Mystery
imdb-0455,1,Drama
imdb-0455,2,Romance
imdb-0455,3,War
imdb-0456,1,Comedy
imdb-0456,2,Crime
imdb-0456,3,Thriller
imdb-0457,1,Film-Noir
imdb-0457,2,Mystery
imdb-0458,1,Drama
imdb-0458,2,History
imdb-0459,1,Adventure
imdb-0459,2,Family
imdb-0459,3,Fantasy
imdb-0460,1,Comedy
imdb-0460,2,Drama
imdb-0461,1,Comedy
imdb-0461,2,Crime
imdb-0461,3,Mystery
imdb-0462,1,Drama
imdb-0462,2,War
imdb-0463,1,Drama
imdb-0463,2,History
imdb-0463,3,Thriller
imdb-0464,1,Comedy
imdb-0464,2,Crime
imdb-0464,3,Drama
imdb-0465,1,Comedy
imdb-0465,2,Drama
imdb-0465,3,Romance
imdb-0466,1,Crime
imdb-0466,2,Drama
imdb-0467,1,Comedy
imdb-0467,2,Drama
imdb-0467,3,Romance
imdb-0468,1,Drama
imdb-0468,2,Romance
imdb-0469,1,Drama
imdb-0470,1,Animation
imdb-0470,2,Adventure
imdb-0470,3,Comedy
imdb-0471,1,Adventure
imdb-0471,2,Comedy
imdb-0471,3,Drama
imdb-0472,1,Comedy
imdb-0472,2,Drama
imdb-0473,1,Comedy
imdb-0473,2,Drama
imdb-0473,3,Music
imdb-0474,1,Action
imdb-0474,2,Adventure
imdb-0474,3,Comedy
imdb-0475,1,Crime
imdb-0475,2,Drama
imdb-0475,3,Thriller
imdb-0476,1,Comedy
imdb-0476,2,Drama
imdb-0476,3,War
imdb-0477,1,Drama
imdb-0477,2,Sci-Fi
imdb-0478,1,Action
imdb-0478,2,Adventure
imdb-0478,3,Sci-Fi
imdb-0479,1,Drama
imdb-0479,2,Romance
imdb-0480,1,Action
imdb-0480,2,Adventure
imdb-0480,3,Sci-Fi
imdb-0481,1,Crime
imdb-0481,2,Drama
imdb-0482,1,Comedy
imdb-0482,2,Drama
imdb-0482,3,Romance
imdb-0483,1,Action
imdb-0483,2,Adventure
imdb-0483,3,Sci-Fi
imdb-0484,1,Drama
imdb-0484,2,Romance
imdb-0485,1,Biography
imdb-0485,2,Crime
imdb-0485,3,Drama
imdb-0486,1,Crime
imdb-0486,2,Drama
imdb-0487,1,Drama
imdb-0487,2,Mystery
imdb-0487,3,Sci-Fi
imdb-0488,1,Crime
imdb-0488,2,Drama
imdb-0488,3,Fantasy
imdb-0489,1,Action
imdb-0489,2,Sci-Fi
imdb-0489,3,Thriller
imdb-0490,1,Drama
imdb-0490,2,Sport
imdb-0491,1,Comedy
imdb-0491,2,Drama
imdb-0491,3,Romance
imdb-0492,1,Drama
imdb-0493,1,Drama
imdb-0494,1,Action
imdb-0494,2,Adventure
imdb-0494,3,Sci-Fi
imdb-0495,1,Comedy
imdb-0495,2,Crime
imdb-0495,3,Drama
imdb-0496,1,Drama
imdb-0496,2,Fantasy
imdb-0496,3,Mystery
imdb-0497,1,Action
imdb-0497,2,Adventure
imdb-0497,3,Drama
imdb-0498,1,Adventure
imdb-0498,2,Drama
imdb-0498,3,Fantasy
imdb-0499,1,Adventure
imdb-0499,2,Drama
imdb-0499,3,Fantasy
imdb-0500,1,Animation
imdb-0500,2,Adventure
imdb-0500,3,Comedy
imdb-0501,1,Comedy
imdb-0501,2,Drama
imdb-0502,1,Drama
imdb-0502,2,Music
imdb-0503,1,Action
imdb-0503,2,Adventure
imdb-0503,3,Sci-Fi
imdb-0504,1,Comedy
imdb-0504,2,Horror
imdb-0505,1,Drama
imdb-0505,2,Romance
imdb-0506,1,Crime
imdb-0506,2,Drama
imdb-0506,3,Mystery
imdb-0507,1,Adventure
imdb-0507,2,Family
imdb-0507,3,Fantasy
imdb-0508,1,Action
imdb-0508,2,Adventure
imdb-0508,3,History
imdb-0509,1,Drama
imdb-0509,2,Mystery
imdb-0509,3,Romance
imdb-0510,1,Comedy
imdb-0510,2,Drama
imdb-0510,3,War
imdb-0511,1,Animation
imdb-0511,2,Action
imdb-0511,3,Crime
imdb-0512,1,Action
imdb-0512,2,Mystery
imdb-0512,3,Thriller
imdb-0513,1,Crime
imdb-0513,2,Drama
imdb-0513,3,Thriller
imdb-0514,1,Adventure
imdb-0514,2,Drama
imdb-0514,3,Sci-Fi
imdb-0515,1,Adventure
imdb-0515,2,Comedy
imdb-0515,3,Drama
imdb-0516,1,Drama
imdb-0516,2,Mystery
imdb-0516,3,Thriller
imdb-0517,1,Animation
imdb-0517,2,Adventure
imdb-0517,3,Comedy
imdb-0518,1,Drama
imdb-0519,1,Animation
imdb-0519,2,Drama
imdb-0519,3,Family
imdb-0520,1,Crime
imdb-0520,2,Drama
imdb-0521,1,Crime
imdb-0521,2,Drama
imdb-0521,3,Romance
imdb-0522,1,Drama
imdb-0522,2,Music
imdb-0522,3,Mystery
imdb-0523,1,Animation
imdb-0523,2,Action
imdb-0523,3,Adventure
imdb-0524,1,Crime
imdb-0524,2,Drama
imdb-0524,3,Thriller
imdb-0525,1,Drama
imdb-0525,2,Fantasy
imdb-0525,3,Romance
imdb-0526,1,Biography
imdb-0526,2,Drama
imdb-0527,1,Comedy
imdb-0527,2,Drama
imdb-0528,1,Crime
imdb-0528,2,Drama
imdb-0528,3,Thriller
imdb-0529,1,Comedy
imdb-0529,2,Drama
imdb-0530,1,Drama
imdb-0530,2,Sci-Fi
imdb-0531,1,Comedy
imdb-0531,2,Music
imdb-0532,1,Comedy
imdb-0532,2,Family
imdb-0533,1,Action
imdb-0533,2,Adventure
imdb-0533,3,Comedy
imdb-0534,1,Comedy
imdb-0534,2,Drama
imdb-0534,3,Romance
imdb-0535,1,Drama
imdb-0535,2,Music
imdb-0535,3,Musical
imdb-0536,1,Action
imdb-0536,2,Adventure
imdb-0536,3,Horror
imdb-0537,1,Biography
imdb-0537,2,Drama
imdb-0537,3,History
imdb-0538,1,Adventure
imdb-0538,2,Drama
imdb-0538,3,Fantasy
imdb-0539,1,Comedy
imdb-0539,2,Drama
imdb-0539,3,Family
imdb-0540,1,Comedy
imdb-0541,1,Action
imdb-0541,2,Adventure
imdb-0541,3,Biography
imdb-0542,1,Comedy
imdb-0542,2,Drama
imdb-0542,3,Romance
imdb-0543,1,Biography
imdb-0543,2,Drama
imdb-0543,3,War
imdb-0544,1,Action
imdb-0544,2,Adventure
imdb-0544,3,Western
imdb-0545,1,Horror
imdb-0545,2,Thriller
imdb-0546,1,Biography
imdb-0546,2,Drama
imdb-0546,3,History
imdb-0547,1,Crime
imdb-0547,2,Drama
imdb-0547,3,Mystery
imdb-0548,1,Comedy
imdb-0548,2,Mystery
imdb-0548,3,Romance
imdb-0549,1,Drama
imdb-0549,2,Thriller
imdb-0550,1,Adventure
imdb-0550,2,Biography
imdb-0550,3,Drama
imdb-0551,1,Drama
imdb-0551,2,Mystery
imdb-0552,1,Drama
imdb-0552,2,Romance
imdb-0553,1,Adventure
imdb-0553,2,Drama
imdb-0554,1,Adventure
imdb-0554,2,Drama
imdb-0554,3,Western
imdb-0555,1,Drama
imdb-0556,1,Drama
imdb-0556,2,Thriller
imdb-0556,3,Western
imdb-0557,1,Crime
imdb-0557,2,Film-Noir
imdb-0557,3,Thriller
imdb-0558,1,Comedy
imdb-0558,2,Drama
imdb-0558,3,Fantasy
imdb-0559,1,Comedy
imdb-0559,2,Drama
imdb-0559,3,Family
imdb-0560,1,Drama
imdb-0560,2,Film-Noir
imdb-0560,3,Romance
imdb-0561,1,Crime
imdb-0561,2,Film-Noir
imdb-0561,3,Mystery
imdb-0562,1,Drama
imdb-0562,2,Film-Noir
imdb-0563,1,Comedy
imdb-0563,2,Romance
imdb-0564,1,Comedy
imdb-0564,2,Drama
imdb-0564,3,Romance
imdb-0565,1,Action
imdb-0565,2,Adventure
imdb-0565,3,Romance
imdb-0566,1,Comedy
imdb-0566,2,Music
imdb-0566,3,Musical
imdb-0567,1,Adventure
imdb-0567,2,Horror
imdb-0567,3,Sci-Fi
imdb-0568,1,Drama
imdb-0568,2,Horror
imdb-0569,1,Fantasy
imdb-0569,2,Horror
imdb-0570,1,Action
imdb-0570,2,Comedy
imdb-0570,3,Crime
imdb-0571,1,Action
imdb-0571,2,Drama
imdb-0571,3,Thriller
imdb-0572,1,Drama
imdb-0572,2,Music
imdb-0573,1,Drama
imdb-0574,1,Action
imdb-0574,2,Drama
imdb-0574,3,History
imdb-0575,1,Comedy
imdb-0575,2,Drama
imdb-0576,1,Biography
imdb-0576,2,Drama
imdb-0576,3,History
imdb-0577,1,Adventure
imdb-0577,2,Comedy
imdb-0577,3,Family
imdb-0578,1,Action
imdb-0578,2,Crime
imdb-0578,3,Drama
imdb-0579,1,Animation
imdb-0579,2,Action
imdb-0579,3,Adventure
imdb-0580,1,Biography
imdb-0580,2,Drama
imdb-0580,3,Sport
imdb-0581,1,Drama
imdb-0582,1,Drama
imdb-0582,2,History
imdb-0582,3,War
imdb-0583,1,Action
imdb-0583,2,Adventure
imdb-0583,3,Sci-Fi
imdb-0584,1,Action
imdb-0584,2,Adventure
imdb-0584,3,Sci-Fi
imdb-0585,1,Crime
imdb-0585,2,Drama
imdb-0585,3,Mystery
imdb-0586,1,Drama
imdb-0586,2,Romance
imdb-0587,1,Animation
imdb-0587,2,Biography
imdb-0587,3,Crime
imdb-0588,1,Biography
imdb-0588,2,Comedy
imdb-0588,3,Drama
imdb-0589,1,Drama
imdb-0589,2,Mystery
imdb-0590,1,Drama
imdb-0591,1,Drama
imdb-0591,2,Romance
imdb-0592,1,Comedy
imdb-0592,2,Romance
imdb-0593,1,Animation
imdb-0593,2,Action
imdb-0593,3,Adventure
imdb-0594,1,Comedy
imdb-0594,2,Drama
imdb-0594,3,Fantasy
imdb-0595,1,Comedy
imdb-0595,2,Drama
imdb-0595,3,Family
imdb-0596,1,Animation
imdb-0596,2,Biography
imdb-0596,3,Drama
imdb-0597,1,Animation
imdb-0597,2,Adventure
imdb-0597,3,Comedy
imdb-0598,1,Crime
imdb-0598,2,Drama
imdb-0598,3,Mystery
imdb-0599,1,Comedy
imdb-0599,2,Drama
imdb-0599,3,Romance
imdb-0600,1,Animation
imdb-0600,2,Action
imdb-0600,3,Adventure
imdb-0601,1,Biography
imdb-0601,2,Comedy
imdb-0601,3,Drama
imdb-0602,1,Drama
imdb-0602,2,Thriller
imdb-0603,1,Action
imdb-0603,2,Crime
imdb-0603,3,Drama
imdb-0604,1,Crime
imdb-0604,2,Drama
imdb-0604,3,Mystery
imdb-0605,1,Adventure
imdb-0605,2,Biography
imdb-0605,3,Crime
imdb-0606,1,Action
imdb-0606,2,Crime
imdb-0606,3,Drama
imdb-0607,1,Biography
imdb-0607,2,Drama
imdb-0607,3,History
imdb-0608,1,Crime
imdb-0608,2,Drama
imdb-0608,3,Mystery
imdb-0609,1,Action
imdb-0609,2,Crime
imdb-0609,3,Thriller
imdb-0610,1,Adventure
imdb-0610,2,Fantasy
imdb-0611,1,Drama
imdb-0611,2,History
imdb-0611,3,Mystery
imdb-0612,1,Crime
imdb-0612,2,Drama
imdb-0612,3,Mystery
imdb-0613,1,Drama
imdb-0613,2,History
imdb-0613,3,Thriller
imdb-0614,1,Comedy
imdb-0614,2,Drama
imdb-0615,1,Biography
imdb-0615,2,Drama
imdb-0615,3,Sport
imdb-0616,1,Action
imdb-0616,2,Thriller
imdb-0617,1,Drama
imdb-0617,2,History
imdb-0617,3,War
imdb-0618,1,Drama
imdb-0618,2,Music
imdb-0618,3,Romance
imdb-0619,1,Adventure
imdb-0619,2,Fantasy
imdb-0620,1,Drama
imdb-0621,1,Drama
imdb-0621,2,Mystery
imdb-0621,3,Romance
imdb-0622,1,Crime
imdb-0622,2,Drama
imdb-0623,1,Biography
imdb-0623,2,Crime
imdb-0623,3,Drama
imdb-0624,1,Action
imdb-0624,2,Adventure
imdb-0624,3,Fantasy
imdb-0625,1,Drama
imdb-0625,2,Fantasy
imdb-0625,3,Romance
imdb-0626,1,Action
imdb-0626,2,Adventure
imdb-0626,3,Drama
imdb-0627,1,Comedy
imdb-0627,2,Drama
imdb-0628,1,Action
imdb-0628,2,Comedy
imdb-0628,3,Mystery
imdb-0629,1,Drama
imdb-0629,2,Fantasy
imdb-0629,3,Romance
imdb-0630,1,Drama
imdb-0630,2,Family
imdb-0630,3,Musical
imdb-0631,1,Comedy
imdb-0631,2,Crime
imdb-0631,3,Drama
imdb-0632,1,Drama
imdb-0632,2,Romance
imdb-0633,1,Biography
imdb-0633,2,Drama
imdb-0633,3,Sport
imdb-0634,1,Animation
imdb-0634,2,Adventure
imdb-0634,3,Comedy
imdb-0635,1,Action
imdb-0635,2,Adventure
imdb-0635,3,Sci-Fi
imdb-0636,1,Biography
imdb-0636,2,Drama
imdb-0636,3,Music
imdb-0637,1,Drama
imdb-0638,1,Drama
imdb-0638,2,Romance
imdb-0639,1,Adventure
imdb-0639,2,Biography
imdb-0639,3,Drama
imdb-0640,1,Crime
imdb-0640,2,Drama
imdb-0641,1,Animation
imdb-0641,2,Comedy
imdb-0641,3,Drama
imdb-0642,1,Action
imdb-0642,2,Drama
imdb-0642,3,Thriller
imdb-0643,1,Action
imdb-0643,2,Adventure
imdb-0643,3,Drama
imdb-0644,1,Animation
imdb-0644,2,Drama
imdb-0644,3,Fantasy
imdb-0645,1,Biography
imdb-0645,2,Drama
imdb-0645,3,Sport
imdb-0646,1,Action
imdb-0646,2,Adventure
imdb-0646,3,Fantasy
imdb-0647,1,Drama
imdb-0648,1,Adventure
imdb-0648,2,Drama
imdb-0648,3,Romance
imdb-0649,1,Action
imdb-0649,2,Crime
imdb-0649,3,Thriller
imdb-0650,1,Biography
imdb-0650,2,Drama
imdb-0650,3,Thriller
imdb-0651,1,Biography
imdb-0651,2,Drama
imdb-0651,3,Family
imdb-0652,1,Animation
imdb-0652,2,Adventure
imdb-0652,3,Comedy
imdb-0653,1,Drama
imdb-0653,2,Romance
imdb-0654,1,Crime
imdb-0654,2,Drama
imdb-0654,3,Romance
imdb-0655,1,Drama
imdb-0655,2,Sci-Fi
imdb-0655,3,Thriller
imdb-0656,1,Action
imdb-0656,2,Drama
imdb-0656,3,Mystery
imdb-0657,1,Drama
imdb-0658,1,Biography
imdb-0658,2,Comedy
imdb-0658,3,Drama
imdb-0659,1,Drama
imdb-0660,1,Action
imdb-0660,2,Biography
imdb-0660,3,Drama
imdb-0661,1,Comedy
imdb-0661,2,Drama
imdb-0661,3,Family
imdb-0662,1,Drama
imdb-0662,2,Romance
imdb-0663,1,Comedy
imdb-0663,2,Drama
imdb-0664,1,Action
imdb-0664,2,Crime
imdb-0664,3,Drama
imdb-0665,1,Crime
imdb-0665,2,Drama
imdb-0665,3,Romance
imdb-0666,1,Animation
imdb-0666,2,Action
imdb-0666,3,Crime
imdb-0667,1,Action
imdb-0667,2,Crime
imdb-0667,3,Thriller
imdb-0668,1,Comedy
imdb-0668,2,Drama
imdb-0669,1,Drama
imdb-0669,2,Fantasy
imdb-0669,3,Music
imdb-0670,1,Crime
imdb-0670,2,Drama
imdb-0671,1,Drama
imdb-0671,2,Thriller
imdb-0672,1,Biography
imdb-0672,2,Drama
imdb-0673,1,Animation
imdb-0673,2,Adventure
imdb-0673,3,Drama
imdb-0674,1,Biography
imdb-0674,2,Drama
imdb-0674,3,History
imdb-0675,1,Action
imdb-0675,2,Crime
imdb-0675,3,Drama
imdb-0676,1,Adventure
imdb-0676,2,Comedy
imdb-0676,3,Sci-Fi
imdb-0677,1,Crime
imdb-0677,2,Drama
imdb-0677,3,History
imdb-0678,1,Action
imdb-0678,2,Adventure
imdb-0678,3,Sci-Fi
imdb-0679,1,Action
imdb-0679,2,Comedy
imdb-0679,3,Fantasy
imdb-0680,1,Comedy
imdb-0681,1,Comedy
imdb-0681,2,Crime
imdb-0681,3,Drama
imdb-0682,1,Adventure
imdb-0682,2,Comedy
imdb-0682,3,Family
imdb-0683,1,Drama
imdb-0684,1,Comedy
imdb-0684,2,Drama
imdb-0685,1,Biography
imdb-0685,2,Drama
imdb-0685,3,History
imdb-0686,1,Action
imdb-0686,2,Comedy
imdb-0686,3,Fantasy
imdb-0687,1,Adventure
imdb-0687,2,Biography
imdb-0687,3,Drama
imdb-0688,1,Comedy
imdb-0688,2,Crime
imdb-0688,3,Drama
imdb-0689,1,Family
imdb-0689,2,Sci-Fi
imdb-0690,1,Drama
imdb-0691,1,Drama
imdb-0691,2,Romance
imdb-0692,1,Western
imdb-0693,1,Adventure
imdb-0693,2,History
imdb-0693,3,War
imdb-0694,1,Drama
imdb-0694,2,Mystery
imdb-0694,3,Thriller
imdb-0695,1,Animation
imdb-0695,2,Sci-Fi
imdb-0696,1,Crime
imdb-0696,2,Drama
imdb-0696,3,Thriller
imdb-0697,1,Action
imdb-0697,2,Crime
imdb-0697,3,Drama
imdb-0698,1,Drama
imdb-0698,2,Music
imdb-0698,3,Musical
imdb-0699,1,Family
imdb-0699,2,Fantasy
imdb-0699,3,Musical
imdb-0700,1,Drama
imdb-0701,1,Thriller
imdb-0702,1,Comedy
imdb-0702,2,Drama
imdb-0703,1,Action
imdb-0703,2,Biography
imdb-0703,3,Crime
imdb-0704,1,Drama
imdb-0704,2,Family
imdb-0704,3,Musical
imdb-0705,1,Comedy
imdb-0705,2,Family
imdb-0705,3,Fantasy
imdb-0706,1,Action
imdb-0706,2,Drama
imdb-0706,3,History
imdb-0707,1,Drama
imdb-0707,2,Romance
imdb-0708,1,Horror
imdb-0709,1,Crime
imdb-0709,2,Drama
imdb-0710,1,Action
imdb-0710,2,Adventure
imdb-0710,3,Drama
imdb-0711,1,Action
imdb-0711,2,Crime
imdb-0711,3,Drama
imdb-0712,1,Adventure
imdb-0712,2,Comedy
imdb-0712,3,Film-Noir
imdb-0713,1,Film-Noir
imdb-0713,2,Thriller
imdb-0714,1,Adventure
imdb-0714,2,Drama
imdb-0714,3,Western
imdb-0715,1,Mystery
imdb-0715,2,Thriller
imdb-0716,1,Comedy
imdb-0716,2,Family
imdb-0716,3,Romance
imdb-0717,1,Drama
imdb-0717,2,Horror
imdb-0717,3,Sci-Fi
imdb-0718,1,Comedy
imdb-0718,2,Musical
imdb-0718,3,War
imdb-0719,1,Action
imdb-0719,2,Crime
imdb-0719,3,Drama
imdb-0720,1,Drama
imdb-0720,2,Horror
imdb-0720,3,Sci-Fi
imdb-0721,1,Drama
imdb-0722,1,Drama
imdb-0722,2,Romance
imdb-0723,1,Action
imdb-0723,2,Adventure
imdb-0723,3,Comedy
imdb-0724,1,Crime
imdb-0724,2,Drama
imdb-0724,3,Mystery
imdb-0725,1,Horror
imdb-0725,2,Mystery
imdb-0725,3,Thriller
imdb-0726,1,Action
imdb-0726,2,Adventure
imdb-0726,3,Thriller
imdb-0727,1,Comedy
imdb-0727,2,Drama
imdb-0727,3,Romance
imdb-0728,1,Comedy
imdb-0728,2,Horror
imdb-0729,1,Animation
imdb-0729,2,Drama
imdb-0729,3,Family
imdb-0730,1,Biography
imdb-0730,2,Drama
imdb-0730,3,Romance
imdb-0731,1,Action
imdb-0731,2,Adventure
imdb-0731,3,Comedy
imdb-0732,1,Drama
imdb-0732,2,Romance
imdb-0733,1,Comedy
imdb-0733,2,Drama
imdb-0734,1,Comedy
imdb-0734,2,Drama
imdb-0735,1,Drama
imdb-0735,2,Romance
imdb-0736,1,Drama
imdb-0736,2,Sport
imdb-0737,1,Drama
imdb-0737,2,Music
imdb-0737,3,Romance
imdb-0738,1,Action
imdb-0738,2,Adventure
imdb-0738,3,Sci-Fi
imdb-0739,1,Drama
imdb-0739,2,Music
imdb-0739,3,Musical
imdb-0740,1,Adventure
imdb-0740,2,Comedy
imdb-0740,3,Drama
imdb-0741,1,Animation
imdb-0741,2,Adventure
imdb-0741,3,Comedy
imdb-0742,1,Animation
imdb-0742,2,Adventure
imdb-0742,3,Drama
imdb-0743,1,Drama
imdb-0744,1,Comedy
imdb-0744,2,Fantasy
imdb-0744,3,Romance
imdb-0745,1,Animation
imdb-0745,2,Action
imdb-0745,3,Adventure
imdb-0746,1,Drama
imdb-0746,2,Sci-Fi
imdb-0746,3,Thriller
imdb-0747,1,Action
imdb-0747,2,Adventure
imdb-0747,3,Sci-Fi
imdb-0748,1,Drama
imdb-0748,2,War
imdb-0749,1,Biography
imdb-0749,2,Drama
imdb-0750,1,Action
imdb-0750,2,Adventure
imdb-0750,3,Sci-Fi
imdb-0751,1,Comedy
imdb-0752,1,Action
imdb-0752,2,Adventure
imdb-0752,3,Thriller
imdb-0753,1,Comedy
imdb-0753,2,Drama
imdb-0753,3,Romance
imdb-0754,1,Biography
imdb-0754,2,Drama
imdb-0754,3,Thriller
imdb-0755,1,Comedy
imdb-0755,2,Drama
imdb-0755,3,Romance
imdb-0756,1,Adventure
imdb-0756,2,Family
imdb-0756,3,Fantasy
imdb-0757,1,Animation
imdb-0757,2,Adventure
imdb-0757,3,Comedy
imdb-0758,1,Biography
imdb-0758,2,Drama
imdb-0758,3,History
imdb-0759,1,Animation
imdb-0759,2,Drama
imdb-0759,3,Fantasy
imdb-0760,1,Biography
imdb-0760,2,Crime
imdb-0760,3,Drama
imdb-0761,1,Comedy
imdb-0761,2,Drama
imdb-0761,3,Romance
imdb-0762,1,Animation
imdb-0762,2,Adventure
imdb-0762,3,Comedy
imdb-0763,1,Crime
imdb-0763,2,Drama
imdb-0763,3,Fantasy
imdb-0764,1,Crime
imdb-0764,2,Drama
imdb-0765,1,Drama
imdb-0765,2,Sci-Fi
imdb-0765,3,Thriller
imdb-0766,1,Drama
imdb-0767,1,Biography
imdb-0767,2,Drama
imdb-0767,3,History
imdb-0768,1,Crime
imdb-0768,2,Drama
imdb-0768,3,Mystery
imdb-0769,1,Action
imdb-0769,2,Crime
imdb-0769,3,Drama
imdb-0770,1,Drama
imdb-0770,2,History
imdb-0770,3,Music
imdb-0771,1,Biography
imdb-0771,2,Drama
imdb-0771,3,Music
imdb-0772,1,Animation
imdb-0772,2,Adventure
imdb-0772,3,Comedy
imdb-0773,1,Drama
imdb-0773,2,Thriller
imdb-0773,3,War
imdb-0774,1,Drama
imdb-0774,2,Romance
imdb-0775,1,Action
imdb-0775,2,Crime
imdb-0775,3,Drama
imdb-0776,1,Crime
imdb-0776,2,Drama
imdb-0776,3,Thriller
imdb-0777,1,Action
imdb-0777,2,Comedy
imdb-0777,3,Fantasy
imdb-0778,1,Action
imdb-0778,2,Mystery
imdb-0778,3,Thriller
imdb-0779,1,Drama
imdb-0779,2,Thriller
imdb-0780,1,Biography
imdb-0780,2,Drama
imdb-0780,3,Music
imdb-0781,1,Comedy
imdb-0781,2,Drama
imdb-0782,1,Adventure
imdb-0782,2,Family
imdb-0782,3,Fantasy
imdb-0783,1,Action
imdb-0783,2,Crime
imdb-0783,3,Drama
imdb-0784,1,Animation
imdb-0784,2,Drama
imdb-0784,3,Family
imdb-0785,1,Action
imdb-0785,2,Drama
imdb-0786,1,Drama
imdb-0787,1,Comedy
imdb-0787,2,Drama
imdb-0787,3,Romance
imdb-0788,1,Drama
imdb-0789,1,Drama
imdb-0790,1,Comedy
imdb-0790,2,Drama
imdb-0791,1,Drama
imdb-0791,2,History
imdb-0791,3,War
imdb-0792,1,Crime
imdb-0792,2,Drama
imdb-0792,3,Thriller
imdb-0793,1,Drama
imdb-0793,2,Thriller
imdb-0794,1,Drama
imdb-0794,2,Music
imdb-0795,1,Comedy
imdb-0795,2,Drama
imdb-0795,3,Music
imdb-0796,1,Crime
imdb-0796,2,Thriller
imdb-0797,1,Animation
imdb-0797,2,Action
imdb-0797,3,Fantasy
imdb-0798,1,Adventure
imdb-0798,2,Comedy
imdb-0798,3,Crime
imdb-0799,1,Adventure
imdb-0799,2,Comedy
imdb-0799,3,Drama
imdb-0800,1,Animation
imdb-0800,2,Comedy
imdb-0800,3,Fantasy
imdb-0801,1,Comedy
imdb-0802,1,Comedy
imdb-0802,2,Drama
imdb-0803,1,Crime
imdb-0803,2,Drama
imdb-0803,3,Thriller
imdb-0804,1,Comedy
imdb-0804,2,Drama
imdb-0804,3,Romance
imdb-0805,1,Drama
imdb-0805,2,Mystery
imdb-0805,3,Sci-Fi
imdb-0806,1,Comedy
imdb-0806,2,Drama
imdb-0806,3,Fantasy
imdb-0807,1,Comedy
imdb-0807,2,Drama
imdb-0807,3,Romance
imdb-0808,1,Action
imdb-0808,2,Adventure
imdb-0808,3,Sci-Fi
imdb-0809,1,Comedy
imdb-0810,1,Biography
imdb-0810,2,Crime
imdb-0810,3,Drama
imdb-0811,1,Biography
imdb-0811,2,Drama
imdb-0811,3,Music
imdb-0812,1,Crime
imdb-0812,2,Drama
imdb-0812,3,Mystery
imdb-0813,1,Drama
imdb-0814,1,Drama
imdb-0814,2,Family
imdb-0814,3,Fantasy
imdb-0815,1,Comedy
imdb-0815,2,Crime
imdb-0815,3,Drama
imdb-0816,1,Biography
imdb-0816,2,Comedy
imdb-0816,3,Drama
imdb-0817,1,Comedy
imdb-0818,1,Comedy
imdb-0818,2,Drama
imdb-0819,1,Drama
imdb-0820,1,Comedy
imdb-0820,2,Drama
imdb-0820,3,Family
imdb-0821,1,Biography
imdb-0821,2,Drama
imdb-0821,3,History
imdb-0822,1,Action
imdb-0822,2,Adventure
imdb-0822,3,Drama
imdb-0823,1,Animation
imdb-0823,2,Adventure
imdb-0823,3,Comedy
imdb-0824,1,Crime
imdb-0824,2,Drama
imdb-0824,3,Mystery
imdb-0825,1,Drama
imdb-0825,2,Thriller
imdb-0826,1,Drama
imdb-0827,1,Comedy
imdb-0827,2,Drama
imdb-0827,3,Thriller
imdb-0828,1,Crime
imdb-0828,2,Drama
imdb-0828,3,Thriller
imdb-0829,1,Animation
imdb-0829,2,Adventure
imdb-0829,3,Comedy
imdb-0830,1,Mystery
imdb-0830,2,Thriller
imdb-0831,1,Comedy
imdb-0831,2,Drama
imdb-0832,1,Biography
imdb-0832,2,Drama
imdb-0832,3,History
imdb-0833,1,Action
imdb-0833,2,Drama
imdb-0833,3,History
imdb-0834,1,Crime
imdb-0834,2,Drama
imdb-0834,3,Mystery
imdb-0835,1,Drama
imdb-0835,2,Mystery
imdb-0835,3,Thriller
imdb-0836,1,Comedy
imdb-0836,2,Fantasy
imdb-0836,3,Romance
imdb-0837,1,Comedy
imdb-0837,2,Crime
imdb-0837,3,Drama
imdb-0838,1,Comedy
imdb-0839,1,Drama
imdb-0840,1,Action
imdb-0840,2,Adventure
imdb-0840,3,Sci-Fi
imdb-0841,1,Action
imdb-0841,2,Adventure
imdb-0842,1,Drama
imdb-0843,1,Comedy
imdb-0844,1,Animation
imdb-0844,2,Adventure
imdb-0844,3,Family
imdb-0845,1,Horror
imdb-0845,2,Thriller
imdb-0846,1,Drama
imdb-0846,2,Thriller
imdb-0847,1,Comedy
imdb-0847,2,War
imdb-0848,1,Action
imdb-0848,2,Crime
imdb-0848,3,Thriller
imdb-0849,1,Comedy
imdb-0849,2,Western
imdb-0850,1,Biography
imdb-0850,2,Crime
imdb-0850,3,Drama
imdb-0851,1,Action
imdb-0851,2,Crime
imdb-0851,3,Drama
imdb-0852,1,Adventure
imdb-0852,2,Drama
imdb-0852,3,Thriller
imdb-0853,1,Action
imdb-0853,2,Crime
imdb-0853,3,Drama
imdb-0854,1,Action
imdb-0854,2,Crime
imdb-0854,3,Thriller
imdb-0855,1,Action
imdb-0855,2,Adventure
imdb-0855,3,War
imdb-0856,1,Comedy
imdb-0857,1,Action
imdb-0857,2,Adventure
imdb-0857,3,War
imdb-0858,1,Drama
imdb-0858,2,Romance
imdb-0859,1,Biography
imdb-0859,2,Drama
imdb-0859,3,History
imdb-0860,1,Drama
imdb-0860,2,Horror
imdb-0860,3,Thriller
imdb-0861,1,Drama
imdb-0861,2,History
imdb-0861,3,War
imdb-0862,1,Action
imdb-0862,2,Adventure
imdb-0862,3,Thriller
imdb-0863,1,Drama
imdb-0863,2,Horror
imdb-0863,3,Mystery
imdb-0864,1,Drama
imdb-0864,2,Thriller
imdb-0865,1,Drama
imdb-0865,2,Horror
imdb-0865,3,Thriller
imdb-0866,1,Action
imdb-0866,2,Adventure
imdb-0866,3,Western
imdb-0867,1,Drama
imdb-0867,2,Horror
imdb-0868,1,Drama
imdb-0868,2,Horror
imdb-0868,3,Sci-Fi
imdb-0869,1,Drama
imdb-0870,1,Comedy
imdb-0870,2,Crime
imdb-0871,1,Comedy
imdb-0871,2,Drama
imdb-0871,3,Romance
imdb-0872,1,Comedy
imdb-0872,2,Drama
imdb-0872,3,Romance
imdb-0873,1,Drama
imdb-0873,2,Sci-Fi
imdb-0874,1,Adventure
imdb-0874,2,Drama
imdb-0874,3,Romance
imdb-0875,1,Drama
imdb-0875,2,Film-Noir
imdb-0875,3,Romance
imdb-0876,1,Animation
imdb-0876,2,Family
imdb-0876,3,Fantasy
imdb-0877,1,Horror
imdb-0877,2,Sci-Fi
imdb-0878,1,Biography
imdb-0878,2,Drama
imdb-0878,3,History
imdb-0879,1,Drama
imdb-0879,2,Mystery
imdb-0879,3,Thriller
imdb-0880,1,Comedy
imdb-0880,2,Drama
imdb-0881,1,Drama
imdb-0882,1,Drama
imdb-0883,1,Biography
imdb-0883,2,Crime
imdb-0883,3,Drama
imdb-0884,1,Drama
imdb-0885,1,Adventure
imdb-0885,2,Comedy
imdb-0885,3,Drama
imdb-0886,1,Crime
imdb-0886,2,Drama
imdb-0886,3,Romance
imdb-0887,1,Drama
imdb-0888,1,Action
imdb-0888,2,Adventure
imdb-0888,3,Comedy
imdb-0889,1,Action
imdb-0889,2,Crime
imdb-0889,3,Drama
imdb-0890,1,Action
imdb-0890,2,Biography
imdb-0890,3,Drama
imdb-0891,1,Drama
imdb-0891,2,History
imdb-0891,3,Thriller
imdb-0892,1,Animation
imdb-0892,2,Action
imdb-0892,3,Adventure
imdb-0893,1,Animation
imdb-0893,2,Adventure
imdb-0893,3,Comedy
imdb-0894,1,Action
imdb-0894,2,Crime
imdb-0894,3,Drama
imdb-0895,1,Drama
imdb-0895,2,Sport
imdb-0896,1,Crime
imdb-0896,2,Drama
imdb-0897,1,Action
imdb-0897,2,Crime
imdb-0897,3,Drama
imdb-0898,1,Biography
imdb-0898,2,Comedy
imdb-0898,3,Drama
imdb-0899,1,Action
imdb-0899,2,Adventure
imdb-0899,3,Drama
imdb-0900,1,Mystery
imdb-0900,2,Thriller
imdb-0901,1,Action
imdb-0901,2,Thriller
imdb-0902,1,Action
imdb-0902,2,Crime
imdb-0902,3,Drama
imdb-0903,1,Animation
imdb-0903,2,Adventure
imdb-0903,3,Family
imdb-0904,1,Drama
imdb-0904,2,Music
imdb-0904,3,Romance
imdb-0905,1,Drama
imdb-0905,2,Western
imdb-0906,1,Drama
imdb-0906,2,Romance
imdb-0907,1,Animation
imdb-0907,2,Comedy
imdb-0907,3,Crime
imdb-0908,1,Comedy
imdb-0908,2,Drama
imdb-0908,3,Romance
imdb-0909,1,Action
imdb-0909,2,Comedy
imdb-0909,3,Crime
imdb-0910,1,Action
imdb-0910,2,Adventure
imdb-0910,3,Crime
imdb-0911,1,Biography
imdb-0911,2,Drama
imdb-0911,3,Sport
imdb-0912,1,Drama
imdb-0912,2,Horror
imdb-0912,3,Thriller
imdb-0913,1,Adventure
imdb-0913,2,Comedy
imdb-0913,3,Fantasy
imdb-0914,1,Drama
imdb-0914,2,Thriller
imdb-0915,1,Action
imdb-0915,2,Adventure
imdb-0915,3,Mystery
imdb-0916,1,Biography
imdb-0916,2,Drama
imdb-0916,3,Sport
imdb-0917,1,Drama
imdb-0918,1,Drama
imdb-0919,1,Action
imdb-0919,2,Crime
imdb-0919,3,Drama
imdb-0920,1,Adventure
imdb-0920,2,Family
imdb-0920,3,Fantasy
imdb-0921,1,Animation
imdb-0921,2,Adventure
imdb-0921,3,Family
imdb-0922,1,Crime
imdb-0922,2,Drama
imdb-0922,3,Mystery
imdb-0923,1,Crime
imdb-0923,2,Drama
imdb-0923,3,Mystery
imdb-0924,1,Biography
imdb-0924,2,Drama
imdb-0924,3,Music
imdb-0925,1,Action
imdb-0925,2,Biography
imdb-0925,3,Drama
imdb-0926,1,Drama
imdb-0926,2,Fantasy
imdb-0926,3,Mystery
imdb-0927,1,Crime
imdb-0927,2,Drama
imdb-0927,3,Thriller
imdb-0928,1,Action
imdb-0928,2,Adventure
imdb-0928,3,Family
imdb-0929,1,Action
imdb-0929,2,Drama
imdb-0930,1,Drama
imdb-0930,2,Romance
imdb-0930,3,Thriller
imdb-0931,1,Action
imdb-0931,2,Drama
imdb-0931,3,Mystery
imdb-0932,1,Action
imdb-0932,2,Crime
imdb-0932,3,Drama
imdb-0933,1,Horror
imdb-0933,2,Mystery
imdb-0933,3,Thriller
imdb-0934,1,Drama
imdb-0935,1,Drama
imdb-0936,1,Comedy
imdb-0936,2,Drama
imdb-0936,3,Romance
imdb-0937,1,Drama
imdb-0937,2,Mystery
imdb-0937,3,Romance
imdb-0938,1,Comedy
imdb-0938,2,Drama
imdb-0939,1,Crime
imdb-0939,2,Drama
imdb-0939,3,Thriller
imdb-0940,1,Crime
imdb-0940,2,Drama
imdb-0940,3,Thriller
imdb-0941,1,Biography
imdb-0941,2,Drama
imdb-0941,3,Family
imdb-0942,1,Drama
imdb-0943,1,Drama
imdb-0943,2,Sci-Fi
imdb-0943,3,Thriller
imdb-0944,1,Drama
imdb-0944,2,Horror
imdb-0944,3,Sci-Fi
imdb-0945,1,Action
imdb-0945,2,Adventure
imdb-0945,3,Drama
imdb-0946,1,Comedy
imdb-0946,2,Drama
imdb-0947,1,Drama
imdb-0948,1,Adventure
imdb-0948,2,Family
imdb-0948,3,Fantasy
imdb-0949,1,Horror
imdb-0949,2,Mystery
imdb-0949,3,Thriller
imdb-0950,1,Biography
imdb-0950,2,Crime
imdb-0950,3,Drama
imdb-0951,1,Drama
imdb-0951,2,History
imdb-0951,3,War
imdb-0952,1,Action
imdb-0952,2,Crime
imdb-0952,3,Mystery
imdb-0953,1,Biography
imdb-0953,2,Drama
imdb-0953,3,Sport
imdb-0954,1,Comedy
imdb-0954,2,Crime
imdb-0954,3,Drama
imdb-0955,1,Crime
imdb-0955,2,Drama
imdb-0955,3,Thriller
imdb-0956,1,Drama
imdb-0956,2,War
imdb-0957,1,Animation
imdb-0957,2,Adventure
imdb-0957,3,Family
imdb-0958,1,Adventure
imdb-0958,2,Comedy
imdb-0958,3,Drama
imdb-0959,1,Crime
imdb-0959,2,Drama
imdb-0959,3,Thriller
imdb-0960,1,Mystery
imdb-0960,2,Sci-Fi
imdb-0960,3,Thriller
imdb-0961,1,Crime
imdb-0961,2,Drama
imdb-0961,3,Thriller
imdb-0962,1,Mystery
imdb-0962,2,Thriller
imdb-0963,1,Drama
imdb-0963,2,Romance
imdb-0964,1,Action
imdb-0964,2,Adventure
imdb-0964,3,Thriller
imdb-0965,1,Adventure
imdb-0965,2,Drama
imdb-0965,3,Fantasy
imdb-0966,1,Drama
imdb-0966,2,Romance
imdb-0967,1,Adventure
imdb-0967,2,Drama
imdb-0967,3,History
imdb-0968,1,Comedy
imdb-0968,2,Drama
imdb-0968,3,Romance
imdb-0969,1,Action
imdb-0969,2,Crime
imdb-0969,3,Drama
imdb-0970,1,Comedy
imdb-0971,1,Comedy
imdb-0971,2,Crime
imdb-0972,1,Animation
imdb-0972,2,Drama
imdb-0972,3,Romance
imdb-0973,1,Comedy
imdb-0973,2,Crime
imdb-0974,1,Comedy
imdb-0974,2,Family
imdb-0975,1,Crime
imdb-0975,2,Drama
imdb-0976,1,Comedy
imdb-0976,2,Drama
imdb-0976,3,Romance
imdb-0977,1,Animation
imdb-0977,2,Family
imdb-0977,3,Fantasy
imdb-0978,1,Comedy
imdb-0978,2,Crime
imdb-0979,1,Comedy
imdb-0979,2,Drama
imdb-0980,1,Action
imdb-0980,2,Crime
imdb-0980,3,Thriller
imdb-0981,1,Crime
imdb-0981,2,Drama
imdb-0981,3,Thriller
imdb-0982,1,Drama
imdb-0983,1,Action
imdb-0983,2,Adventure
imdb-0983,3,Sci-Fi
imdb-0984,1,Action
imdb-0984,2,Crime
imdb-0984,3,Thriller
imdb-0985,1,Adventure
imdb-0985,2,Comedy
imdb-0985,3,Family
imdb-0986,1,Action
imdb-0986,2,Biography
imdb-0986,3,Crime
imdb-0987,1,Animation
imdb-0987,2,Adventure
imdb-0987,3,Drama
imdb-0988,1,Biography
imdb-0988,2,Crime
imdb-0988,3,Drama
imdb-0989,1,Drama
imdb-0989,2,Sci-Fi
imdb-0990,1,Comedy
imdb-0990,2,Crime
imdb-0990,3,Drama
imdb-0991,1,Drama
imdb-0991,2,War
imdb-0991,3,Western
imdb-0992,1,Adventure
imdb-0992,2,Comedy
imdb-0992,3,War
imdb-0993,1,Animation
imdb-0993,2,Adventure
imdb-0993,3,Family
imdb-0994,1,Drama
imdb-0994,2,Mystery
imdb-0994,3,Thriller
imdb-0995,1,Comedy
imdb-0995,2,Music
imdb-0995,3,Musical
imdb-0996,1,Comedy
imdb-0996,2,Drama
imdb-0996,3,Romance
imdb-0997,1,Drama
imdb-0997,2,Western
imdb-0998,1,Drama
imdb-0998,2,Romance
imdb-0998,3,War
imdb-0999,1,Drama
imdb-0999,2,War
imdb-1000,1,Crime
imdb-1000,2,Mystery
imdb-1000,3,Thriller
